fusH,SMILES
21.49,c1cc2c3c(cccc3c1)CC2
6.9,C1=Cc2cccc3cccc1c23
2.31,CC=O
15.59,CC(N)=O
30.5,CC(=O)Nc1ccc(O)cc1
21.3,CC(=O)Nc1ccccc1
11.73,CC(=O)O
10.5,CC(=O)OC(C)=O
5.77,CC(C)=O
8.16,CC#N
9.51,C=CC(=O)O
6.23,C=CC#N
4.4,C=C=C
32.3,C=CCC1(CC=C)C(=O)NC(=O)NC1=O
20.5,Nc1ccccc1C(=O)O
22.5,Nc1ccc(C(=O)O)cc1
19.7,NCCCO
27.6,Cc1c(N(C)C)c(=O)n(-c2ccccc2)n1C
24.9,Cc1c(N)c(=O)n(-c2ccccc2)n1C
10.54,Nc1ccccc1
12.9,COc1ccccc1
29.4,c1ccc2cc3ccccc3cc2c1
27.3,Cc1cc(=O)n(-c2ccccc2)n1C
22.52,c1ccc(N=Nc2ccccc2)cc1
17.9,[O-][N+](=Nc1ccccc1)c1ccccc1
24.7,CCC1(CC)C(=O)NC(=O)NC1=O
9.32,O=Cc1ccccc1
19.5,NC(=O)c1ccccc1
21.4,c1ccc2cc3c(ccc4ccccc43)cc2c1
9.87,c1ccccc1
16.3,O=C(O)Cc1ccccc1
23.1,Nc1ccccc1N
15.57,Nc1cccc(N)c1
23.8,Nc1ccc(N)cc1
11.48,Sc1ccccc1
19.1,Nc1ccc(-c2ccc(N)cc2)cc1
23.5,O=C(C(=O)c1ccccc1)c1ccccc1
22.3,CCOC(=O)c1ccc(N)cc1
18.02,O=C(O)c1ccccc1
9.1,N#Cc1ccccc1
16.3,c1ccc2c(c1)ccc1ccc3ccccc3c12
18.19,O=C(c1ccccc1)c1ccccc1
17.3,c1ccc2c(c1)cc1ccc3cccc4ccc2c1c34
16.6,c1ccc2c(c1)c1cccc3ccc4cccc2c4c31
18.5,O=C1C=CC(=O)C=C1
19.2,O=C(Cl)c1ccccc1
8.97,OCc1ccccc1
38.9,c1ccc2cc(-c3ccc4ccccc4c3)ccc2c1
18.57,c1ccc(-c2ccccc2)cc1
10.7,Brc1ccccc1
9.23,CCCCBr
6.89,CCC(C)Br
7.47,CCBr
5.12,C=CBr
21.8,CCCCCCCBr
18.1,CCCCCCBr
5.98,CBr
15.2,Brc1cccc2ccccc12
14.4,Brc1ccc2ccccc2c1
24.7,CCCCCCCCBr
14.37,CCCCCBr
6.44,CCCBr
6.53,CC(C)Br
2.53,ClC(Cl)(Cl)Br
6.96,C=C=CC
7.98,C=CC=C
10.77,CCCC=O
4.66,CCCC
18.7,OCCCCO
10.46,CCCCS
11.59,CCCC(=O)O
9.37,CCCCO
5.97,CCC(C)O
8.39,CCC(C)=O
3.96,C=CCC
7.31,C/C=C\C
9.76,C/C=C/C
12.6,C/C=C\C(=O)O
13,C/C=C/C(=O)O
0.882,CC(C)(C)N
11.22,CCCCc1ccccc1
14.16,CCCCC1CCCCC1
10.85,CCCCOC
6.03,C#CCC
9.23,CC#CC
9.57,O=C1CCCO1
22,Cn1c(=O)c2c(ncn2C)n(C)c1=O
24.1,c1ccc2c(c1)[nH]c1ccccc12
9.02,O=C=O
4.39,S=C=S
0.833,C=O
4.73,C.O=S
5.74,O=C(Cl)Cl
12.28,O=C(O)CCl
11.9,Nc1ccccc1Cl
10.15,Nc1cccc(Cl)c1
20,Nc1ccc(Cl)cc1
9.6,Clc1ccccc1
25.6,O=C(O)c1ccccc1Cl
2.043,ClC1CCCCC1
4.12,FC(F)Cl
4.45,CCCl
4.92,C=CCl
6.43,CCl
2.07,CC(C)(C)Cl
12.9,Clc1cccc2ccccc12
14,Clc1ccc2ccccc2c1
17.9,O=[N+]([O-])c1ccccc1Cl
19.4,O=[N+]([O-])c1cccc(Cl)c1
14.1,O=[N+]([O-])c1ccc(Cl)cc1
1.86,FC(F)(F)C(F)(F)Cl
13,Oc1ccccc1Cl
14.9,Oc1cccc(Cl)c1
14.1,Oc1ccc(Cl)cc1
5.54,CCCCl
7.39,CC(C)Cl
9.6,Cc1ccccc1Cl
5.55,FC(F)=C(F)Cl
26.2,c1ccc2c(c1)ccc1c3ccccc3ccc21
19.2,c1cc2ccc3ccc4ccc5ccc6ccc1c1c2c3c4c5c61
15.82,Cc1ccccc1O
10.71,Cc1cccc(O)c1
12.71,Cc1ccc(O)cc1
7.27,N#CN
8.11,N#CC#N
1.09,C1CCC1
1.88,C1CCCCCC1
1.6,OC1CCCCCC1
2.68,C1CCCCC1
1.78,OC1CCCCC1
1.328,O=C1CCCCC1
3.29,C1=CCCCC1
17.5,NC1CCCCC1
15.6,c1ccc(C2CCCCC2)cc1
2.41,C1CCCCCCC1
0.61,C1CCCC1
1.535,OC1CCCC1
3.36,C1=CCCC1
8.31,NC1CCCC1
5.44,C1CC1
13.18,NC1CC1
9.49,C1CC[C@H]2CCCC[C@H]2C1
14.41,C1CC[C@H]2CCCC[C@@H]2C1
34.5,CCCCCCCCCC=O
28.72,CCCCCCCCCC
27.8,CCCCCCCCCC(=O)O
43,CCCCCCCCCCO
13.81,C=CCCCCCCCC
10.89,BrCCBr
8.94,CC(Br)CBr
14.6,BrCCCBr
7.04,FC(F)(Br)C(F)(F)Br
12.4,Clc1ccccc1Cl
12.6,Clc1cccc(Cl)c1
18.19,Clc1ccc(Cl)cc1
7.87,CC(Cl)Cl
8.84,ClCCCl
6.51,C=C(Cl)Cl
7.2,Cl/C=C\Cl
4.6,ClCCl
6.4,CC(Cl)CCl
2.3,CC(C)(Cl)Cl
1.51,FC(F)(Cl)C(F)(F)Cl
7.19,CCOCC
10.09,CCC(CC)(CC)CC
10.9,CCSCC
11.05,Fc1ccccc1F
8.58,Fc1cccc(F)c1
12.04,CC(C)OC(C)C
12.6,COCCOC
8.33,COCOC
5.94,CNC
0.58,CCC(C)(C)C
0.79,CC(C)C(C)C
6.45,CC(C)=C(C)C
2.07,CC1(C)CCCCC1
1.64,C[C@@H]1CCCC[C@@H]1C
10.49,C[C@@H]1CCCC[C@H]1C
10.82,C[C@@H]1CCC[C@H](C)C1
9.87,C[C@H]1CCC[C@H](C)C1
9.31,C[C@H]1CC[C@@H](C)CC1
12.33,C[C@H]1CC[C@H](C)CC1
9.19,CSSC
4.94,COC
7.9,CN(C)C=O
10.07,CN(C)N
13.64,CNNC
21.1,COC(=O)C(=O)OC
5.82,CCCC(C)(C)C
6.85,CC(C)CC(C)C
6.85,CCC(C)(C)CC
7.99,CSC
18.3,CS(C)(=O)=O
14.37,CS(C)=O
23,CN(C)C(N)=O
13,CNC(=O)NC
12.84,C1COCCO1
6.57,C1COCO1
18.5,c1ccc(Nc2ccccc2)cc1
17.22,c1ccc(Oc2ccccc2)cc1
18.6,c1ccc(Cc2ccccc2)cc1
10.8,CCCOCCC
7.9,C=COC=C
48.8,CCCCCCCCCCCCCCCCCCCCCC
36.8,CCCCCCCCCCCC
36.3,CCCCCCCCCCCC(=O)O
40.2,CCCCCCCCCCCCO
19.9,C=CCCCCCCCCCC
75.8,CCCCCCCCCCCCCCCCCCCCCCCCCCCCCCCC
69.9,CCCCCCCCCCCCCCCCCCCC
42,CCCCCCCCCCCCCCCCCCCCO
41.8,C[C@]12CC[C@@H]3c4ccc(OC(=O)c5ccccc5)cc4CC[C@H]3[C@@H]1CC[C@@H]2O
2.72,CC
22.58,NCCN
9.96,OCCO
4.98,CCS
4.931,CCO
27.9,C#C[C@]1(O)CC[C@H]2[C@@H]3CCc4cc(O)ccc4[C@H]3CC[C@@]21C
10.48,CCOC(C)=O
9.18,CCc1ccccc1
8.33,CCC1CCCCC1
3.35,C=C
9.76,CCSC
9.55,CCC(CC)CC
9.96,CCc1ccccc1C
7.6,CCc1cccc(C)c1
12.7,CCc1ccc(C)cc1
18.69,c1ccc2c(c1)-c1cccc3cccc-2c13
19.58,c1ccc2c(c1)Cc1ccccc1-2
11.31,Fc1ccccc1
8.44,NC=O
12.68,O=CO
3.8,c1ccoc1
14.37,O=Cc1ccco1
13.13,OCc1ccco1
18.3,OCC(O)CO
45.21,CCCCCCCCCCCCCCCCCCCCC
61.9,CCCCCCCCCCCCCCCCCCCCCCCCCCC
40.16,CCCCCCCCCCCCCCCCC
23.2,CCCCCCC=O
14.03,CCCCCCC
15.13,CCCCCCC(=O)O
18.17,CCCCCCCO
12.41,C=CCCCCC
25.2,Clc1c(Cl)c(Cl)c(Cl)c(Cl)c1Cl
9.75,ClC(Cl)(Cl)C(Cl)(Cl)Cl
60,CCCCCCCCCCCCCCCCCCCCCCCCCC
53.36,CCCCCCCCCCCCCCCC
53.7,CCCCCCCCCCCCCCCC(=O)O
33.6,CCCCCCCCCCCCCCCCO
11.59,Fc1c(F)c(F)c(F)c(F)c1F
2.69,FC(F)(F)C(F)(F)F
20.6,Cc1c(C)c(C)c(C)c(C)c1C
13.3,CCCCCC=O
13.08,CCCCCC
36.3,O=C(O)CCCCC(=O)O
22.2,OCCCCCCO
15.38,CCCCCCO
14.9,CCCCC(C)=O
13.49,CCCC(=O)CC
87.7,CCCCCCCCCCCCCCCCCCCCCCCCCCCCCCCCCCCC
9.35,C=CCCCC
8.88,C/C=C\CCC
8.41,C#N
26.8,Oc1ccc(O)cc1
14.2,O=C(O)c1ccccc1O
12.82,c1c[nH]cn1
8.6,c1ccc2c(c1)CCC2
10.2,C1=Cc2ccccc2C1
36.9,COc1ccc2c(c1)c(CC(=O)O)c(C)n2C(=O)c1ccc(Cl)cc1
9.75,Ic1ccccc1
4.54,CC(C)C
5.92,C=C(C)C
5.15,CCC(C)C
7.33,CC(C)N
7.33,CC(C)c1ccccc1
9.66,Cc1ccc(C(C)C)cc1
13.54,c1ccc2cnccc2c1
32.3,COc1c2occc2c(OC)c2c(=O)cc(C)oc12
13.6,O=C1C=CC(=O)O1
0.94,C
5.91,CS
3.215,CO
7.49,COC(C)=O
6.13,CN
11.66,Cc1ccccc1N
7.9,Cc1cccc(N)c1
18.9,Cc1ccc(N)cc1
9.74,COC(=O)c1ccccc1
4.93,C=CC(=C)C
4.46,CCC(C)(C)O
9.34,CC(=O)C(C)C
7.91,C=C(C)CC
5.36,C=CC(C)C
7.6,CC=C(C)C
7.6,COC(C)(C)C
6.75,CC1CCCCC1
6.93,CC1CCCC1
2.8,CC1CC1
8.55,Cc1ccco1
11.92,CCCCCC(C)C
11.69,CCCCC(C)CC
10.8,CCCC(C)CCC
9.19,CCCCC(C)C
10.42,CNN
14.4,C=C(C)C(=O)OC
6.95,Cc1cccc2ccccc12
12.13,Cc1ccc2ccccc2c1
8.24,CO[N+](=O)[O-]
6.53,CC1CO1
6.27,CCCC(C)C
5.3,CCC(C)CC
6.32,CC(C)CO
6.7,CC(C)(C)O
9.72,Cc1ccccn1
14.18,Cc1cccnc1
12.58,Cc1ccncc1
14,CNC(N)=O
14.5,C1COCCN1
19.01,c1ccc2ccccc2c1
23.1,Oc1cccc2ccccc12
18.1,Oc1ccc2ccccc2c1
3.1,CC(C)(C)C
23.2,NC(=O)c1cccnc1
16.1,Nc1ccccc1[N+](=O)[O-]
23.6,Nc1cccc([N+](=O)[O-])c1
21.2,Nc1ccc([N+](=O)[O-])cc1
12.12,O=[N+]([O-])c1ccccc1
9.85,CC[N+](=O)[O-]
9.7,C[N+](=O)[O-]
17.7,O=[N+]([O-])c1ccccc1O
20.6,O=[N+]([O-])c1cccc(O)c1
18.8,O=[N+]([O-])c1ccc(O)cc1
31,O=Nc1ccccc1
16.81,Cc1ccc([N+](=O)[O-])cc1
66.9,CCCCCCCCCCCCCCCCCCCCCCCCCCCCC
45.8,CCCCCCCCCCCCCCCCCCC
30.5,CCCCCCCCC=O
15.47,CCCCCCCCC
19.82,CCCCCCCCC(=O)O
24.93,CCCCC(=O)CCCC
65.1,CCCCCCCCCCCCCCCCCCCCCCCCCCCC
61.7,CCCCCCCCCCCCCCCCCC
45,CCCCCCCCCCCCCCCCCCO
20.73,CCCCCCCC
21.35,CCCCCCCC(=O)O
23.7,CCCCCCCCO
15.31,C=CCCCCCC
13.83,O=C1CCCCCO1
6.5,C1COC1
5.17,C1CO1
9.22,CC(=O)CCC(=O)O
13.5,CC1OC(C)OC(C)O1
11.3,ClC(Cl)C(Cl)(Cl)Cl
56.9,CCCCCCCCCCCCCCCCCCCCCCCCC
34.6,CCCCCCCCCCCCCCC
5.64,C=C/C=C\C
7.14,C=C/C=C/C
6.12,C=CCC=C
4.8,OCC(CO)(CO)CO
10.87,Fc1cc(F)c(F)c(F)c1F
16.41,Oc1c(F)c(F)c(F)c(F)c1F
13.1,Cc1c(F)c(F)c(F)c(F)c1F
8.4,CCCCC
20.3,O=C(O)CCCC(=O)O
9,CCCCC#N
17.53,CCCCCS
14.16,CCCCC(=O)O
10.5,CCCCCO
10.63,CCCC(C)=O
11.59,CCC(=O)CC
86.3,CCCCCCCCCCCCCCCCCCCCCCCCCCCCCCCCCCC
5.94,C=CCCC
7.11,C/C=C\CC
8.35,C/C=C/CC
8.38,O=C(C(F)(F)F)C(F)(F)F
7.66,FC(F)(F)C(F)(F)C(F)(F)C(F)(F)F
2.77,FC1(F)C(F)(F)C(F)(F)C1(F)F
6.95,FC(F)(F)C(F)(F)C(F)(F)C(F)(F)C(F)(F)C(F)(F)C(F)(F)F
6.84,FC(F)(F)C(F)(F)C(F)(F)C(F)(F)C(F)(F)C(F)(F)F
0.477,FC(F)(F)C(F)(F)C(F)(F)F
11.54,Fc1c(F)c(F)c(C(F)(F)F)c(F)c1F
31.9,c1cc2cccc3c4cccc5cccc(c(c1)c23)c54
33,CCOc1ccc(NC(C)=O)cc1
16.46,c1ccc2c(c1)ccc1ccccc12
27.8,CCC1(c2ccccc2)C(=O)NC(=O)NC1=O
11.51,Oc1ccccc1
31.3,O=C(O)C(c1ccccc1)c1ccccc1
27.7,CCCCC1C(=O)N(c2ccccc2)N(c2ccccc2)C1=O
14.05,NNc1ccccc1
14.85,C1CCNCC1
3.5,CCC
7.1,OCCCO
5.03,CCC#N
5.48,CCCS
5.74,CC(C)S
10.66,CCC(=O)O
5.37,CCCO
5.41,CC(C)O
3.003,C=CC
10.97,CCCN
9.27,CCCc1ccccc1
10.37,CCCC1CCCCC1
12.9,c1cnccn1
14,c1cn[nH]c1
17.36,c1cc2ccc3cccc4ccc(c1)c2c34
8.28,c1ccncc1
22.8,Oc1ccccc1O
7.91,c1cc[nH]c1
8.58,C1CCNC1
10.66,c1ccc2ncccc2c1
20.4,Oc1cccc(O)c1
40.8,O=C(O)CCCCCCCCC(=O)O
6.43,C1CC12CC2
61.2,CCCCCCCCCCCCCCCCCC(=O)O
27.7,C(=C/c1ccccc1)\c1ccccc1
10.9,C=Cc1ccccc1
32.4,O=C(O)CCC(=O)O
20.4,O=C1CCC(=O)O1
3.7,N#CCCC#N
22.4,CC(=O)NS(=O)(=O)c1ccc(N)cc1
42.6,Nc1ccc(S(=O)(=O)Nc2ncccn2)cc1
38.7,Cc1ccnc(NS(=O)(=O)c2ccc(N)cc2)n1
32.2,Cc1cc(NS(=O)(=O)c2ccc(N)cc2)no1
31.3,COc1ccc(NS(=O)(=O)c2ccc(N)cc2)nn1
34.4,Nc1ccc(S(=O)(=O)Nc2ccccn2)cc1
26.4,Nc1ccc(S(=O)(=O)Nc2nccs2)cc1
30.2,Cc1noc(NS(=O)(=O)c2ccc(N)cc2)c1C
17.19,c1ccc(-c2ccccc2-c2ccccc2)cc1
35.3,c1ccc(-c2ccc(-c3ccccc3)cc2)cc1
3.76,BrC(Br)(Br)Br
9.17,ClC(Cl)C(Cl)Cl
10.88,ClC(Cl)=C(Cl)Cl
2.56,ClC(Cl)(Cl)Cl
54.4,CCCCCCCCCCCCCCCCCCCCCCCC
45.07,CCCCCCCCCCCCCC
45.1,CCCCCCCCCCCCCC(=O)O
25.1,CCCCCCCCCCCCCCO
6.36,Fc1cc(F)c(F)c(F)c1
15.05,Fc1cc(F)c(F)cc1F
7.72,FC(F)=C(F)F
0.704,FC(F)(F)F
8.54,C1CCOC1
1.8,C1CCOCC1
7.35,C1CCSC1
21,Cc1cc(C)c(C)cc1C
2.33,CCC(C)(C)C(C)(C)C
9.74,CC(C)(C)CC(C)(C)C
6.87,C[Si](C)(C)C
79.4,CCCCCCCCCCCCCCCCCCCCCCCCCCCCCCCCCC
18.2,c1nnn[nH]1
9.57,c1cscn1
8.25,C1CSC1
5.07,c1ccsc1
14,NC(N)=S
21.3,Cc1ccc(C(C)C)c(O)c1
6.64,Cc1ccccc1
19.5,Cc1ccccc1C(=O)O
15.7,Cc1cccc(C(=O)O)c1
22.7,Cc1ccc(C(=O)O)cc1
68.3,CCCCCCCCCCCCCCCCCCCCCCCCCCCCCC
14.56,c1ncncn1
11.05,BrC(Br)Br
5.9,O=C(O)C(Cl)(Cl)Cl
17.9,Clc1cccc(Cl)c1Cl
16.4,Clc1ccc(Cl)c(Cl)c1
18.1,Clc1cc(Cl)cc(Cl)c1
2.35,CC(Cl)(Cl)Cl
11.46,ClCC(Cl)Cl
8.45,ClC=C(Cl)Cl
6.89,FC(Cl)(Cl)Cl
9.5,ClC(Cl)Cl
2.47,FC(F)(Cl)C(F)(Cl)Cl
50.86,CCCCCCCCCCCCCCCCCCCCCCC
28.5,CCCCCCCCCCCCC
41.4,CCCCCCCCCCCCCO
6.19,CC(F)(F)F
4.06,FC(F)F
16.44,IC(I)I
49.4,COc1cc(Cc2cnc(N)nc2N)cc(OC)c1OC
7,CN(C)C
8.18,Cc1cccc(C)c1C
13.19,Cc1ccc(C)c(C)c1
9.51,Cc1cc(C)cc(C)c1
2.26,CC(C)C(C)(C)C
9.2,CC(C)CC(C)(C)C
15.4,O=[N+]([O-])c1cc([N+](=O)[O-])cc([N+](=O)[O-])c1
21.87,O=[N+]([O-])OC(C(O)CO)([N+](=O)[O-])[N+](=O)[O-]
22.9,Cc1c([N+](=O)[O-])cc([N+](=O)[O-])cc1[N+](=O)[O-]
15.11,C1OCOCO1
24.9,c1ccc(N(c2ccccc2)c2ccccc2)cc1
24.74,c1ccc2c(c1)c1ccccc1c1ccccc21
79.5,CCCCCCCCCCCCCCCCCCCCCCCCCCCCCCCCC
22.2,CCCCCCCCCCC
13.9,NC(N)=O
13.6,Cc1ccccc1C
11.6,Cc1cccc(C)c1
17.12,Cc1ccc(C)cc1
21,Cc1cccc(O)c1C
23.4,Cc1ccc(C)c(O)c1
18.9,Cc1cccc(C)c1O
18.1,Cc1ccc(O)cc1C
17.4,Cc1cc(C)cc(O)c1
