fusH,SMILES,index
6.95,Cc1cccc2ccccc12,1
61.7,CCCCCCCCCCCCCCCCCC,2
38.9,c1ccc2cc(-c3ccc4ccccc4c3)ccc2c1,3
4.66,CCCC,4
7.66,FC(F)(F)C(F)(F)C(F)(F)C(F)(F)F,5
40.16,CCCCCCCCCCCCCCCCC,6
6.32,CC(C)CO,7
23.1,Nc1ccccc1N,8
5.15,CCC(C)C,9
0.833,C=O,10
8.35,C/C=C/CC,11
12.04,CC(C)OC(C)C,12
19.2,c1cc2ccc3ccc4ccc5ccc6ccc1c1c2c3c4c5c61,13
10.77,CCCC=O,14
7.33,CC(C)c1ccccc1,15
6.85,CC(C)CC(C)C,16
7.11,C/C=C\CC,17
9.34,CC(=O)C(C)C,18
14.41,C1CC[C@H]2CCCC[C@@H]2C1,19
43,CCCCCCCCCCO,20
7.6,COC(C)(C)C,21
4.46,CCC(C)(C)O,22
10.9,C=Cc1ccccc1,23
13.6,Cc1ccccc1C,24
7.98,C=CC=C,25
16.41,Oc1c(F)c(F)c(F)c(F)c1F,26
11.48,Sc1ccccc1,27
20.73,CCCCCCCC,28
0.79,CC(C)C(C)C,29
10.8,CCCOCCC,30
9.87,C[C@H]1CCC[C@H](C)C1,31
15.05,Fc1cc(F)c(F)cc1F,32
12.13,Cc1ccc2ccccc2c1,33
7.35,C1CCSC1,34
9.7,C[N+](=O)[O-],35
2.68,C1CCCCC1,36
3.76,BrC(Br)(Br)Br,37
30.5,CC(=O)Nc1ccc(O)cc1,38
12.9,c1cnccn1,39
8.4,CCCCC,40
9.85,CC[N+](=O)[O-],41
10.88,ClC(Cl)=C(Cl)Cl,42
56.9,CCCCCCCCCCCCCCCCCCCCCCCCC,43
22.58,NCCN,44
3.7,N#CCCC#N,45
20.6,O=[N+]([O-])c1cccc(O)c1,46
21,Cc1cccc(O)c1C,47
6.12,C=CCC=C,48
5.94,C=CCCC,49
4.92,C=CCl,50
10.09,CCC(CC)(CC)CC,51
9.96,OCCO,52
21.3,CC(=O)Nc1ccccc1,53
42.6,Nc1ccc(S(=O)(=O)Nc2ncccn2)cc1,54
9.57,c1cscn1,55
6.53,CC(C)Br,56
6.36,Fc1cc(F)c(F)c(F)c1,57
14.4,C=C(C)C(=O)OC,58
27.6,Cc1c(N(C)C)c(=O)n(-c2ccccc2)n1C,59
9.75,ClC(Cl)(Cl)C(Cl)(Cl)Cl,60
6.5,C1COC1,61
9.57,O=C1CCCO1,62
14.9,CCCCC(C)=O,63
8.28,c1ccncc1,64
22.2,CCCCCCCCCCC,65
5.3,CCC(C)CC,66
8.38,O=C(C(F)(F)F)C(F)(F)F,67
65.1,CCCCCCCCCCCCCCCCCCCCCCCCCCCC,68
7.9,Cc1cccc(N)c1,69
1.51,FC(F)(Cl)C(F)(F)Cl,70
23.6,Nc1cccc([N+](=O)[O-])c1,71
21.2,Nc1ccc([N+](=O)[O-])cc1,72
13.81,C=CCCCCCCCC,73
9.87,c1ccccc1,74
17.9,O=[N+]([O-])c1ccccc1Cl,75
16.4,Clc1ccc(Cl)c(Cl)c1,76
24.93,CCCCC(=O)CCCC,77
6.13,CN,78
16.44,IC(I)I,79
0.61,C1CCCC1,80
9.35,C=CCCCC,81
5.55,FC(F)=C(F)Cl,82
21.1,COC(=O)C(=O)OC,83
32.4,O=C(O)CCC(=O)O,84
10.9,CCSCC,85
9.55,CCC(CC)CC,86
2.33,CCC(C)(C)C(C)(C)C,87
5.36,C=CC(C)C,88
17.53,CCCCCS,89
23.2,NC(=O)c1cccnc1,90
18.17,CCCCCCCO,91
22.2,OCCCCCCO,92
33,CCOc1ccc(NC(C)=O)cc1,93
11.73,CC(=O)O,94
31.3,COc1ccc(NS(=O)(=O)c2ccc(N)cc2)nn1,95
6.23,C=CC#N,96
18.3,CS(C)(=O)=O,97
5.74,O=C(Cl)Cl,98
3.35,C=C,99
1.86,FC(F)(F)C(F)(F)Cl,100
7.91,c1cc[nH]c1,101
7.72,FC(F)=C(F)F,102
9.51,Cc1cc(C)cc(C)c1,103
14.4,Brc1ccc2ccccc2c1,104
31.9,c1cc2cccc3c4cccc5cccc(c(c1)c23)c54,105
13,C/C=C/C(=O)O,106
16.81,Cc1ccc([N+](=O)[O-])cc1,107
33.6,CCCCCCCCCCCCCCCCO,108
19.9,C=CCCCCCCCCCC,109
4.45,CCCl,110
23.7,CCCCCCCCO,111
87.7,CCCCCCCCCCCCCCCCCCCCCCCCCCCCCCCCCCCC,112
34.4,Nc1ccc(S(=O)(=O)Nc2ccccn2)cc1,113
24.74,c1ccc2c(c1)c1ccccc1c1ccccc21,114
15.38,CCCCCCO,115
9.31,C[C@H]1CC[C@@H](C)CC1,116
5.17,C1CO1,117
24.9,Cc1c(N)c(=O)n(-c2ccccc2)n1C,118
16.3,c1ccc2c(c1)ccc1ccc3ccccc3c12,119
8.45,ClC=C(Cl)Cl,120
2.47,FC(F)(Cl)C(F)(Cl)Cl,121
18.19,O=C(c1ccccc1)c1ccccc1,122
4.6,ClCCl,123
2.8,CC1CC1,124
17.5,NC1CCCCC1,125
7.91,C=C(C)CC,126
23.4,Cc1ccc(C)c(O)c1,127
45,CCCCCCCCCCCCCCCCCCO,128
11.22,CCCCc1ccccc1,129
8.97,OCc1ccccc1,130
14.5,C1COCCN1,131
12.28,O=C(O)CCl,132
14.05,NNc1ccccc1,133
14.16,CCCCC1CCCCC1,134
6.27,CCCC(C)C,135
15.31,C=CCCCCCC,136
5.07,c1ccsc1,137
32.2,Cc1cc(NS(=O)(=O)c2ccc(N)cc2)no1,138
2.77,FC1(F)C(F)(F)C(F)(F)C1(F)F,139
7.6,CCc1cccc(C)c1,140
5.44,C1CC1,141
14,Clc1ccc2ccccc2c1,142
14.37,O=Cc1ccco1,143
4.93,C=CC(=C)C,144
36.8,CCCCCCCCCCCC,145
17.9,Clc1cccc(Cl)c1Cl,146
6.57,C1COCO1,147
10.15,Nc1cccc(Cl)c1,148
12.71,Cc1ccc(O)cc1,149
22.52,c1ccc(N=Nc2ccccc2)cc1,150
32.3,C=CCC1(CC=C)C(=O)NC(=O)NC1=O,151
6.44,CCCBr,152
11.92,CCCCCC(C)C,153
9.1,N#Cc1ccccc1,154
13.1,Cc1c(F)c(F)c(F)c(F)c1F,155
3.8,c1ccoc1,156
8.6,c1ccc2c(c1)CCC2,157
0.58,CCC(C)(C)C,158
25.6,O=C(O)c1ccccc1Cl,159
7.6,CC=C(C)C,160
60,CCCCCCCCCCCCCCCCCCCCCCCCCC,161
20.4,O=C1CCC(=O)O1,162
6.95,FC(F)(F)C(F)(F)C(F)(F)C(F)(F)C(F)(F)C(F)(F)C(F)(F)F,163
11.66,Cc1ccccc1N,164
11.51,Oc1ccccc1,165
17.19,c1ccc(-c2ccccc2-c2ccccc2)cc1,166
1.6,OC1CCCCCC1,167
10.85,CCCCOC,168
24.9,c1ccc(N(c2ccccc2)c2ccccc2)cc1,169
18.9,Cc1cccc(C)c1O,170
19.5,NC(=O)c1ccccc1,171
4.39,S=C=S,172
21.87,O=[N+]([O-])OC(C(O)CO)([N+](=O)[O-])[N+](=O)[O-],173
8.39,CCC(C)=O,174
10.07,CN(C)N,175
5.94,CNC,176
2.3,CC(C)(Cl)Cl,177
10.46,CCCCS,178
10.48,CCOC(C)=O,179
4.73,C.O=S,180
45.21,CCCCCCCCCCCCCCCCCCCCC,181
38.7,Cc1ccnc(NS(=O)(=O)c2ccc(N)cc2)n1,182
0.477,FC(F)(F)C(F)(F)C(F)(F)F,183
1.09,C1CCC1,184
6.89,FC(Cl)(Cl)Cl,185
5.92,C=C(C)C,186
24.7,CCCCCCCCBr,187
15.82,Cc1ccccc1O,188
4.4,C=C=C,189
27.7,CCCCC1C(=O)N(c2ccccc2)N(c2ccccc2)C1=O,190
9.96,CCc1ccccc1C,191
22.9,Cc1c([N+](=O)[O-])cc([N+](=O)[O-])cc1[N+](=O)[O-],192
17.4,Cc1cc(C)cc(O)c1,193
11.59,Fc1c(F)c(F)c(F)c(F)c1F,194
6.51,C=C(Cl)Cl,195
19.82,CCCCCCCCC(=O)O,196
13.64,CNNC,197
10.2,C1=Cc2ccccc2C1,198
5.48,CCCS,199
8.58,C1CCNC1,200
6.64,Cc1ccccc1,201
79.4,CCCCCCCCCCCCCCCCCCCCCCCCCCCCCCCCCC,202
21.35,CCCCCCCC(=O)O,203
75.8,CCCCCCCCCCCCCCCCCCCCCCCCCCCCCCCC,204
9.02,O=C=O,205
5.37,CCCO,206
3.29,C1=CCCCC1,207
8.11,N#CC#N,208
6.45,CC(C)=C(C)C,209
14.18,Cc1cccnc1,210
7.99,CSC,211
20.5,Nc1ccccc1C(=O)O,212
3.003,C=CC,213
53.36,CCCCCCCCCCCCCCCC,214
7.27,N#CN,215
8.31,NC1CCCC1,216
13,Oc1ccccc1Cl,217
6.89,CCC(C)Br,218
14.9,Oc1cccc(Cl)c1,219
8.16,CC#N,220
10.54,Nc1ccccc1,221
19.7,NCCCO,222
9.75,Ic1ccccc1,223
21.49,c1cc2c3c(cccc3c1)CC2,224
9.22,CC(=O)CCC(=O)O,225
12.9,Clc1cccc2ccccc12,226
13.54,c1ccc2cnccc2c1,227
8.18,Cc1cccc(C)c1C,228
9.2,CC(C)CC(C)(C)C,229
16.1,Nc1ccccc1[N+](=O)[O-],230
8.44,NC=O,231
26.4,Nc1ccc(S(=O)(=O)Nc2nccs2)cc1,232
11.59,CCCC(=O)O,233
3.1,CC(C)(C)C,234
45.07,CCCCCCCCCCCCCC,235
30.2,Cc1noc(NS(=O)(=O)c2ccc(N)cc2)c1C,236
18.02,O=C(O)c1ccccc1,237
14.6,BrCCCBr,238
9.72,Cc1ccccn1,239
19.5,Cc1ccccc1C(=O)O,240
7.19,CCOCC,241
8.58,Fc1cccc(F)c1,242
15.7,Cc1cccc(C(=O)O)c1,243
40.2,CCCCCCCCCCCCO,244
25.2,Clc1c(Cl)c(Cl)c(Cl)c(Cl)c1Cl,245
5.82,CCCC(C)(C)C,246
2.56,ClC(Cl)(Cl)Cl,247
50.86,CCCCCCCCCCCCCCCCCCCCCCC,248
27.8,CCCCCCCCCC(=O)O,249
7.33,CC(C)N,250
35.3,c1ccc(-c2ccc(-c3ccccc3)cc2)cc1,251
10.97,CCCN,252
14,c1cn[nH]c1,253
20.3,O=C(O)CCCC(=O)O,254
17.3,c1ccc2c(c1)cc1ccc3cccc4ccc2c1c34,255
6.4,CC(Cl)CCl,256
22.8,Oc1ccccc1O,257
10.42,CNN,258
7.49,COC(C)=O,259
17.7,O=[N+]([O-])c1ccccc1O,260
2.07,CC1(C)CCCCC1,261
61.2,CCCCCCCCCCCCCCCCCC(=O)O,262
10.87,Fc1cc(F)c(F)c(F)c1F,263
11.31,Fc1ccccc1,264
1.8,C1CCOCC1,265
19.58,c1ccc2c(c1)Cc1ccccc1-2,266
4.12,FC(F)Cl,267
9.74,CC(C)(C)CC(C)(C)C,268
5.12,C=CBr,269
18.69,c1ccc2c(c1)-c1cccc3cccc-2c13,270
7,CN(C)C,271
18.1,Cc1ccc(O)cc1C,272
18.19,Clc1ccc(Cl)cc1,273
2.69,FC(F)(F)C(F)(F)F,274
7.2,Cl/C=C\Cl,275
4.54,CC(C)C,276
18.5,O=C1C=CC(=O)C=C1,277
2.26,CC(C)C(C)(C)C,278
14.1,Oc1ccc(Cl)cc1,279
23.1,Oc1cccc2ccccc12,280
41.8,C[C@]12CC[C@@H]3c4ccc(OC(=O)c5ccccc5)cc4CC[C@H]3[C@@H]1CC[C@@H]2O,281
19.4,O=[N+]([O-])c1cccc(Cl)c1,282
12.6,COCCOC,283
0.882,CC(C)(C)N,284
28.5,CCCCCCCCCCCCC,285
9.23,CC#CC,286
5.77,CC(C)=O,287
15.57,Nc1cccc(N)c1,288
2.043,ClC1CCCCC1,289
25.1,CCCCCCCCCCCCCCO,290
6.19,CC(F)(F)F,291
9.76,CCSC,292
21.4,c1ccc2cc3c(ccc4ccccc43)cc2c1,293
18.9,Cc1ccc(N)cc1,294
45.1,CCCCCCCCCCCCCC(=O)O,295
18.1,CCCCCCBr,296
4.06,FC(F)F,297
7.1,OCCCO,298
40.8,O=C(O)CCCCCCCCC(=O)O,299
18.57,c1ccc(-c2ccccc2)cc1,300
27.7,C(=C/c1ccccc1)\c1ccccc1,301
34.6,CCCCCCCCCCCCCCC,302
23.8,Nc1ccc(N)cc1,303
19.1,Nc1ccc(-c2ccc(N)cc2)cc1,304
2.53,ClC(Cl)(Cl)Br,305
9.27,CCCc1ccccc1,306
49.4,COc1cc(Cc2cnc(N)nc2N)cc(OC)c1OC,307
13.13,OCc1ccco1,308
79.5,CCCCCCCCCCCCCCCCCCCCCCCCCCCCCCCCC,309
19.2,O=C(Cl)c1ccccc1,310
9.19,CCCCC(C)C,311
10.49,C[C@@H]1CCCC[C@H]1C,312
9.18,CCc1ccccc1,313
18.1,Clc1cc(Cl)cc(Cl)c1,314
6.75,CC1CCCCC1,315
29.4,c1ccc2cc3ccccc3cc2c1,316
53.7,CCCCCCCCCCCCCCCC(=O)O,317
6.53,CC1CO1,318
17.22,c1ccc(Oc2ccccc2)cc1,319
3.36,C1=CCCC1,320
17.9,[O-][N+](=Nc1ccccc1)c1ccccc1,321
7.9,CN(C)C=O,322
36.3,CCCCCCCCCCCC(=O)O,323
2.41,C1CCCCCCC1,324
8.55,Cc1ccco1,325
9.6,Cc1ccccc1Cl,326
2.72,CC,327
14,NC(N)=S,328
8.25,C1CSC1,329
13.9,NC(N)=O,330
12.68,O=CO,331
27.9,C#C[C@]1(O)CC[C@H]2[C@@H]3CCc4cc(O)ccc4[C@H]3CC[C@@]21C,332
5.98,CBr,333
5.9,O=C(O)C(Cl)(Cl)Cl,334
41.4,CCCCCCCCCCCCCO,335
11.59,CCC(=O)CC,336
10.5,CCCCCO,337
12.33,C[C@H]1CC[C@H](C)CC1,338
9.6,Clc1ccccc1,339
5.54,CCCCl,340
32.3,COc1c2occc2c(OC)c2c(=O)cc(C)oc12,341
26.2,c1ccc2c(c1)ccc1c3ccccc3ccc21,342
6.84,FC(F)(F)C(F)(F)C(F)(F)C(F)(F)C(F)(F)C(F)(F)F,343
8.33,COCOC,344
54.4,CCCCCCCCCCCCCCCCCCCCCCCC,345
21.8,CCCCCCCBr,346
1.64,C[C@@H]1CCCC[C@@H]1C,347
12.12,O=[N+]([O-])c1ccccc1,348
23,CN(C)C(N)=O,349
18.5,c1ccc(Nc2ccccc2)cc1,350
13.19,Cc1ccc(C)c(C)c1,351
9.19,CSSC,352
20.4,Oc1cccc(O)c1,353
6.43,CCl,354
8.33,CCC1CCCCC1,355
1.328,O=C1CCCCC1,356
11.3,ClC(Cl)C(Cl)(Cl)Cl,357
15.47,CCCCCCCCC,358
9,CCCCC#N,359
14.37,CCCCCBr,360
11.9,Nc1ccccc1Cl,361
14.37,CS(C)=O,362
13.18,NC1CC1,363
10.89,BrCCBr,364
7.9,C=COC=C,365
12.4,Clc1ccccc1Cl,366
30.5,CCCCCCCCC=O,367
10.66,c1ccc2ncccc2c1,368
9.51,C=CC(=O)O,369
36.9,COc1ccc2c(c1)c(CC(=O)O)c(C)n2C(=O)c1ccc(Cl)cc1,370
20,Nc1ccc(Cl)cc1,371
42,CCCCCCCCCCCCCCCCCCCCO,372
14.03,CCCCCCC,373
15.2,Brc1cccc2ccccc12,374
11.69,CCCCC(C)CC,375
27.8,CCC1(c2ccccc2)C(=O)NC(=O)NC1=O,376
4.8,OCC(CO)(CO)CO,377
23.5,O=C(C(=O)c1ccccc1)c1ccccc1,378
18.2,c1nnn[nH]1,379
12.9,COc1ccccc1,380
8.54,C1CCOC1,381
18.8,O=[N+]([O-])c1ccc(O)cc1,382
7.31,C/C=C\C,383
18.6,c1ccc(Cc2ccccc2)cc1,384
12.6,C/C=C\C(=O)O,385
8.41,C#N,386
11.6,Cc1cccc(C)c1,387
8.94,CC(Br)CBr,388
0.704,FC(F)(F)F,389
2.31,CC=O,390
7.47,CCBr,391
8.88,C/C=C\CCC,392
13.3,CCCCCC=O,393
22.7,Cc1ccc(C(=O)O)cc1,394
13.49,CCCC(=O)CC,395
31,O=Nc1ccccc1,396
10.63,CCCC(C)=O,397
18.1,Oc1ccc2ccccc2c1,398
4.94,COC,399
7.04,FC(F)(Br)C(F)(F)Br,400
21.3,Cc1ccc(C(C)C)c(O)c1,401
10.8,CCCC(C)CCC,402
